{
    "cus_log_in": "logInService",
    "cus_sig_up": "signUpService",
    "chk_eml": "checkEmailService",
    "get_coi_lst": "getCoinListService",
    "tst_coi_pym": "testCoinPayment",
    "mem_sig_up": "memberSignUp",
    "qr_chk_up": "qrCheckUp",
    "updateRole": "updateRole",
    "city": "city",
    "district": "district",
    "ward": "ward",
    "checkQR": "checkQR",
    "listProduct": "listProduct",
    "detailTitle": "detailTitle",
    "logOut": "logOut",
    "procedure": "procedure",
    "historyNotification": "historyNotification",
    "fertilizers": "fertilizers",
    "addManipulation": "addManipulation",
    "getNews": "getNews",
    "notificationFireBase": "notificationFireBase",
    "changePassword": "changePassword",
    "addNews": "addNews",
    "deleteNews": "deleteNews",
    "addFertilizers": "addFertilizers",
    "deleteFertilizers": "deleteFertilizers",
    "updateFertilizers": "updateFertilizers",
    "addFarm": "addFarm",
    "getFarm": "getFarm",
    "updateFarm": "updateFarm",
    "deleteFarm": "deleteFarm",
    "getListUser": "getListUser",
    "addPack": "addPack",
    "addStamp": "addStamp",
    "getStamp": "getStamp",
    "addPlanting": "addPlanting",
    "signUpString": "signUpString",
    "updateProfileFarm": "updateProfileFarm",
    "editProfileFarm": "editProfileFarm",
    "addCodeLogin": "addCodeLogin",
    "loginCode": "loginCode",
    "getProfileFarm": "getProfileFarm",
    "getQR": "getQR",
    "generateOTPToken": "generateOTPToken",
    "verifyOTPToken": "verifyOTPToken",
    "turnOn2FA": "turnOn2FA",
    "turnOff2FA": "turnOff2FA",
    "getProfileUser": "getProfileUser",
    "addTokenApp": "addTokenApp",
    "detailQR": "detailQR",
    "getNewsBlock": "getNewsBlock",
    "getNewsDetail": "getNewsDetail",
    "deleteNotification" : "deleteNotification",
    "testTron":"testTron",
    "addProcedureUser" : "addProcedureUser",
    "deleteProcedureUser" : "deleteProcedureUser",
    "editProcedureUser" : "editProcedureUser",
    "getProcedureUser" : "getProcedureUser",
    "getTitleDetailUser" : "getTitleDetailUser",
    "editTitleDetailUser" : "editTitleDetailUser",
    "deleteTitleDetailUser" : "deleteTitleDetailUser",
    "addTitleDetailUser" : "addTitleDetailUser"
    
}